player_name;aces_2025;partidos_2025;1er_saque_pct_2025;1er_saque_ganado_pct_2025;2do_saque_ganado_pct_2025;juegos_saque_g_pct_2025;bp_salvados_pct_2025;resto_1er_pct_2025;resto_2do_pct_2025;bp_convertidos_pct_2025;juegos_resto_g_pct_2025;aces_2026;partidos_2026;1er_saque_pct_2026;1er_saque_ganado_pct_2026;2do_saque_ganado_pct_2026;juegos_saque_g_pct_2026;bp_salvados_pct_2026;resto_1er_pct_2026;resto_2do_pct_2026;bp_convertidos_pct_2026;juegos_resto_g_pct_2026;winpct_overall_52w;record_overall_52w;titulos_52w;winpct_tras_perder_set1_52w;record_tras_perder_set1_52w;winpct_tras_ganar_set1_52w;record_tras_ganar_set1_52w;winpct_set_decisivo_52w;record_set_decisivo_52w;winpct_5to_set_52w;record_5to_set_52w;winpct_tiebreak_52w;record_tiebreak_52w;winpct_finales_52w;record_finales_52w;winpct_grand_slams_52w;record_grand_slams_52w;titulos_gs_52w;winpct_masters_1000_52w;record_masters1000_52w;titulos_m1000_52w;winpct_en_hard_52w;record_en_hard_52w;titulos_hard_52w;winpct_vs_zurdos_52w;record_vs_zurdos_52w;winpct_vs_diestros_52w;record_vs_diestros_52w;winpct_vs_top10_52w;record_vs_top10_52w;atp_rank_current;atp_points_current;nombre_abrev;player_key
Taylor Fritz;585.0;52.0;64.12;78.97;53.44;88.97;68.51;27.16;52.02;38.91;19.45;316.0;20.0;68.53;79.52;51.49;88.73;68.0;25.46;47.71;25.78;11.91;662;47-24;0.0;355;11-20;0.9;36-4;0.68;17-8;1.0;2-0;618;34-21;0.0;0-4;0.75;12-4;0.0;647;11-6;0.0;648;35-19;0.0;286;2-5;703;45-19;357;5-9;7.0;3915.0;Fritz T.;taylor fritz
Reilly Opelka;565.0;33.0;63.54;80.5;51.52;90.14;73.58;20.11;41.65;31.68;7.71;264.0;11.0;72.64;81.32;58.33;94.87;79.49;19.16;42.43;35.29;7.69;424;14-19;0.0;77;1-12;0.65;13-7;364;4-7;0.0;0-2;567;17-13;;;333;2-4;0.0;0.5;7-7;0.0;464;13-15;0.0;0.2;1-4;464;13-15;;;;;Opelka R.;reilly opelka
Jakub Mensik;453.0;33.0;58.93;78.66;48.45;85.05;65.59;28.33;49.0;38.39;19.24;263.0;21.0;60.85;78.75;46.64;83.46;63.71;31.61;47.98;41.38;22.47;635;33-19;1.0;167;3-15;882;30-4;579;11-8;0.75;3-1;625;20-12;;;786;11-3;0.0;462;6-7;0.0;639;23-13;1.0;;;633;31-18;;;17.0;2295.0;Mensik J.;jakub mensik
Giovanni Mpetshi Perricard;435.0;32.0;67.78;79.52;54.37;91.07;70.09;20.64;36.19;30.85;7.32;249.0;14.0;71.77;77.03;49.1;86.08;61.97;22.61;34.88;30.19;8.12;0.4;18-27;0.0;0.16;4-21;0.7;14-6;0.45;9-11;0.0;0-2;571;24-18;;;;;;364;4-7;0.0;417;15-21;0.0;;;395;17-26;;;;;Mpetshi Perricard G.;giovanni mpetshi perricard
Aleksandar Kovacevic;234.0;27.0;58.83;75.81;48.44;83.38;61.81;23.91;46.41;30.43;14.98;239.0;17.0;62.75;80.69;55.49;91.93;64.71;20.21;43.53;32.26;9.22;383;18-29;0.0;133;4-26;824;14-3;429;9-12;;;0.4;12-18;;;;;;;;;417;15-21;0.0;0.4;2-3;381;16-26;;;;;Kovacevic A.;aleksandar kovacevic
Alexander Zverev;353.0;46.0;72.51;73.57;52.86;86.82;63.86;28.15;50.54;37.83;20.68;235.0;20.0;71.89;78.73;57.34;92.28;68.18;28.65;50.58;41.04;20.37;725;58-22;1.0;292;7-17;911;51-5;667;16-8;333;1-2;564;22-17;333;1-2;824;14-3;1.0;769;30-9;0.0;686;35-16;0.0;1.0;9-0;0.69;49-22;188;3-13;3.0;7190.0;Zverev A.;alexander zverev
Jannik Sinner;276.0;42.0;61.67;81.2;58.56;92.98;74.44;33.06;58.55;44.29;32.77;232.0;21.0;67.45;81.43;57.39;94.29;77.42;31.63;55.35;37.79;27.78;927;76-6;10.0;;;946;70-4;0.6;6-4;0.0;0-2;857;18-3;833;10-2;864;19-3;1.0;952;40-2;6.0;911;51-5;6.0;938;15-1;924;61-5;885;23-3;1.0;13450.0;Sinner J.;jannik sinner
Felix Auger-Aliassime;601.0;56.0;67.81;76.58;51.79;86.29;67.76;29.09;48.61;33.08;18.11;206.0;21.0;67.74;78.9;54.77;90.39;68.12;29.85;46.9;40.18;19.4;699;51-22;2.0;414;12-17;886;39-5;765;13-4;1.0;2-0;689;31-14;0.5;2-2;714;10-4;0.0;654;17-9;0.0;736;39-14;2.0;833;5-1;687;46-21;462;6-7;4.0;4440.0;Auger-Aliassime F.;felix auger aliassime
Ben Shelton;396.0;42.0;65.2;75.92;54.7;88.66;69.7;25.65;46.97;39.91;16.98;199.0;15.0;68.09;77.05;58.39;91.48;75.32;24.7;47.01;33.71;13.64;697;46-20;4.0;462;12-14;0.85;34-6;0.68;17-8;;;646;31-17;1.0;4-0;733;11-4;0.0;632;12-7;1.0;683;28-13;2.0;0.75;6-2;0.69;40-18;333;4-8;5.0;4160.0;Shelton B.;ben shelton
Alexander Bublik;373.0;31.0;61.03;79.92;45.55;86.13;70.62;24.91;46.02;36.94;15.76;195.0;17.0;64.5;77.14;52.62;88.24;71.74;26.72;46.08;37.93;14.73;651;41-22;4.0;0.24;6-19;921;35-3;647;11-6;0.5;1-1;531;17-15;1.0;4-0;0.6;6-4;0.0;533;8-7;0.0;667;26-13;2.0;444;4-5;685;37-17;0.3;3-7;11.0;2620.0;Bublik A.;alexander bublik
Daniil Medvedev;402.0;46.0;61.25;76.59;49.89;83.18;61.79;32.94;54.41;36.21;26.73;194.0;24.0;67.49;73.96;50.09;85.92;67.5;35.04;54.84;47.15;33.21;687;46-21;3.0;391;9-14;841;37-7;0.5;14-14;333;1-2;414;12-17;667;2-1;429;3-4;0.0;667;18-9;0.0;725;37-14;3.0;615;8-5;704;38-16;;;9.0;3580.0;Medvedev D.;daniil medvedev
Hubert Hurkacz;169.0;14.0;;;;;;;;;;186.0;12.0;65.66;80.15;49.12;91.14;70.83;22.45;42.28;21.15;7.05;435;10-13;0.0;;;0.6;9-6;;;;;455;10-12;;;;;;;;;;;;;;455;10-12;;;95.0;;Hurkacz H.;hubert hurkacz
Brandon Nakashima;357.0;40.0;65.14;75.39;52.12;85.36;65.7;27.3;45.96;35.0;16.14;184.0;17.0;69.96;78.53;52.72;91.22;65.38;24.41;50.58;31.58;15.0;554;31-25;0.0;0.19;4-17;771;27-8;0.4;6-9;0.5;2-2;0.39;16-25;;;556;5-4;0.0;333;4-8;0.0;538;21-18;0.0;714;5-2;531;26-23;;;31.0;;Nakashima B.;brandon nakashima
Valentin Vacherot;87.0;12.0;;;;;;;;;;182.0;15.0;67.31;78.52;52.28;88.83;67.69;25.8;45.94;40.0;15.96;711;27-11;1.0;563;9-7;818;18-4;667;10-5;;;;;;;;;;773;17-5;1.0;0.71;22-9;1.0;;;697;23-10;;;20.0;2138.0;Vacherot V.;valentin vacherot
Marin Cilic;93.0;13.0;;;;;;;;;;181.0;14.0;57.99;82.66;49.36;89.6;71.43;22.84;56.32;41.1;17.75;475;19-21;0.0;167;4-20;938;15-1;;;;;381;8-13;;;556;5-4;0.0;545;6-5;0.0;478;11-12;0.0;714;5-2;424;14-19;;;60.0;;Cilic M.;marin cilic
Quentin Halys;283.0;23.0;59.77;76.17;47.99;81.19;61.78;23.22;43.83;30.65;11.99;175.0;16.0;62.83;76.96;48.67;83.77;65.17;28.71;48.16;35.48;17.46;353;12-22;0.0;182;4-18;;;;;;;;;;;429;3-4;0.0;;;;346;9-17;0.0;714;5-2;259;7-20;;;;;Halys Q.;quentin halys
Sebastian Korda;306.0;30.0;60.28;74.83;52.0;83.85;63.53;27.31;49.32;37.04;18.47;174.0;18.0;62.64;80.07;53.53;88.69;59.02;32.19;50.3;38.71;22.22;622;23-14;1.0;429;6-8;739;17-6;471;8-9;;;;;;;;;;;;;622;23-14;1.0;;;657;23-12;;;61.0;;Korda S.;sebastian korda
Learner Tien;177.0;46.0;61.98;69.34;52.46;78.21;61.73;29.24;55.16;42.65;26.43;158.0;16.0;60.62;74.19;50.34;81.22;59.81;29.98;50.29;44.34;20.09;687;46-21;2.0;357;10-18;923;36-3;792;19-5;1.0;2-0;718;28-11;667;2-1;636;7-4;0.0;619;13-8;0.0;0.7;35-15;1.0;1.0;7-0;0.65;39-21;;;18.0;2290.0;Tien L.;learner tien
Tommy Paul;167.0;23.0;59.44;73.98;53.91;83.95;60.9;31.86;56.07;42.6;28.79;153.0;21.0;62.17;78.11;58.48;88.85;61.84;28.92;51.01;38.89;21.62;694;34-15;1.0;0.5;7-7;771;27-8;524;11-10;333;1-2;625;15-9;0.25;1-3;667;8-4;0.0;545;6-5;0.0;654;17-9;0.0;833;5-1;674;29-14;;;24.0;;Paul T.;tommy paul
Ugo Humbert;232.0;29.0;61.83;76.68;53.61;85.8;63.91;24.24;48.5;39.35;18.21;151.0;20.0;62.74;77.32;55.09;87.24;69.61;26.08;48.18;35.29;15.19;571;32-24;0.0;125;3-21;906;29-3;438;7-9;;;548;17-14;0.0;0-3;0.2;1-4;0.0;462;6-7;0.0;559;19-15;0.0;0.5;4-4;583;28-20;;;30.0;;Humbert U.;ugo humbert
Frances Tiafoe;255.0;26.0;55.89;75.17;50.24;79.89;64.88;26.84;48.31;38.34;20.56;145.0;22.0;61.91;74.13;52.6;83.21;64.52;26.98;51.95;43.28;21.64;644;38-21;1.0;308;8-18;909;30-3;727;16-6;667;2-1;485;16-17;0.5;1-1;667;8-4;0.0;625;10-6;0.0;605;23-15;0.0;0.7;7-3;633;31-18;;;19.0;2180.0;Tiafoe F.;frances tiafoe
Alex Michelsen;171.0;35.0;65.58;69.79;48.76;77.29;56.28;28.94;50.93;34.82;20.82;140.0;19.0;67.94;74.32;53.61;86.36;71.3;25.53;50.81;32.17;15.61;0.51;25-24;0.0;214;6-22;905;19-2;563;9-7;0.0;0-3;545;12-10;;;333;2-4;0.0;579;11-8;0.0;528;19-17;0.0;778;7-2;0.45;18-22;;;42.0;;Michelsen A.;alex michelsen
Karen Khachanov;228.0;30.0;62.44;76.49;50.87;84.34;64.16;27.73;51.34;36.49;20.25;137.0;14.0;65.43;76.42;53.81;88.29;69.23;24.71;46.64;39.33;17.24;549;28-23;0.0;333;8-16;741;20-7;0.5;12-12;0.6;3-2;455;15-18;;;692;9-4;0.0;609;14-9;0.0;531;17-15;0.0;;;574;27-20;;;22.0;;Khachanov K.;karen khachanov
Andrey Rublev;323.0;39.0;60.16;77.07;51.07;84.04;62.74;28.28;48.0;35.88;18.91;129.0;16.0;63.35;78.1;51.86;87.13;68.67;29.75;50.71;38.46;21.63;617;37-23;0.0;346;9-17;824;28-6;556;10-8;0.5;1-1;515;17-16;;;733;11-4;0.0;571;12-9;0.0;0.59;23-16;0.0;0.5;5-5;0.64;32-18;;;13.0;2420.0;Rublev A.;andrey rublev
Flavio Cobolli;149.0;30.0;54.46;69.75;52.01;75.49;60.89;25.92;46.85;35.56;17.34;125.0;16.0;54.27;73.01;51.25;78.24;61.82;26.67;44.35;35.96;16.67;581;36-26;1.0;148;4-23;914;32-3;688;11-5;667;2-1;594;19-13;333;1-2;733;11-4;0.0;0.5;9-9;0.0;0.5;18-18;1.0;545;6-5;588;30-21;273;3-8;10.0;3460.0;Cobolli F.;flavio cobolli
Casper Ruud;233.0;34.0;67.35;74.41;53.75;85.95;68.28;28.35;50.15;41.92;20.15;123.0;14.0;67.38;71.74;55.08;88.65;74.7;24.19;44.47;29.76;13.74;649;37-20;1.0;286;6-15;861;31-5;571;8-6;667;2-1;0.6;15-10;0.5;1-1;0.7;7-3;0.0;609;14-9;0.0;588;20-14;1.0;714;5-2;0.64;32-18;;;12.0;2425.0;Ruud C.;casper ruud
Arthur Rinderknech;323.0;32.0;63.45;74.42;49.49;84.48;72.49;24.41;44.11;38.93;14.25;117.0;10.0;63.76;74.54;50.15;85.11;67.69;20.84;41.85;33.33;8.97;545;30-25;0.0;333;10-20;0.8;20-5;636;14-8;1.0;3-0;432;16-21;;;0.6;6-4;0.0;579;11-8;0.0;545;18-15;0.0;667;4-2;531;26-23;;;28.0;;Rinderknech A.;arthur rinderknech
Stan Wawrinka;86.0;9.0;;;;;;;;;;117.0;14.0;55.1;76.41;55.81;85.15;66.29;24.05;45.18;25.0;10.45;0.37;10-17;0.0;0.2;4-16;;;0.4;4-6;;;;;;;;;;;;;;;;;;385;10-16;;;;;Wawrinka S.;stan wawrinka
Stefanos Tsitsipas;183.0;23.0;60.43;77.79;52.61;84.49;62.99;27.26;50.5;34.78;18.48;115.0;16.0;63.44;78.95;52.51;88.66;62.71;27.14;45.52;27.0;14.75;487;19-20;0.0;0.19;4-17;833;15-3;;;;;423;11-15;;;429;3-4;0.0;462;6-7;0.0;538;14-12;0.0;;;514;18-17;;;88.0;;Tsitsipas S.;stefanos tsitsipas
Tallon Griekspoor;288.0;30.0;65.4;74.56;50.11;84.91;70.75;22.25;44.58;31.21;12.04;115.0;13.0;66.43;74.19;57.09;86.33;62.75;19.22;48.07;42.86;10.71;359;14-25;0.0;95;2-19;667;12-6;375;6-10;;;435;10-13;;;;;;0.3;3-7;0.0;423;11-15;0.0;;;0.4;14-21;;;39.0;;Griekspoor T.;tallon griekspoor
Miomir Kecmanovic;203.0;36.0;60.99;73.8;48.91;80.0;60.85;26.9;53.86;41.11;22.17;114.0;16.0;63.15;75.39;53.91;83.33;61.7;24.13;52.72;42.55;18.69;429;21-28;0.0;259;7-20;636;14-8;375;9-15;0.5;1-1;458;11-13;;;429;3-4;0.0;308;4-9;0.0;429;15-20;0.0;286;2-5;452;19-23;;;51.0;;Kecmanovic M.;miomir kecmanovic
Alexei Popyrin;222.0;22.0;61.48;75.11;47.69;80.48;63.46;25.41;45.2;24.46;11.56;112.0;10.0;66.81;74.29;55.26;84.03;51.28;21.97;47.03;38.89;11.2;342;13-25;0.0;0.2;4-16;0.5;9-9;438;7-9;;;;;;;0.2;1-4;0.0;429;6-8;0.0;304;7-16;0.0;;;333;12-24;;;100.0;;Popyrin A.;alexei popyrin
Jiri Lehecka;323.0;40.0;61.62;77.17;53.6;86.72;61.85;26.49;49.13;39.57;18.61;110.0;16.0;65.34;73.47;51.5;86.36;73.33;30.6;47.22;33.98;20.35;638;37-21;0.0;345;10-19;931;27-2;706;12-5;;;0.55;22-18;0.0;0-2;556;5-4;0.0;654;17-9;0.0;659;27-14;0.0;625;5-3;0.64;32-18;;;14.0;2360.0;Lehecka J.;jiri lehecka
Denis Shapovalov;312.0;37.0;58.49;73.32;48.99;78.98;61.38;31.63;52.17;46.88;27.21;106.0;12.0;59.91;72.37;51.45;78.87;58.33;28.67;51.95;31.71;18.44;476;20-22;1.0;118;2-15;0.72;18-7;571;8-6;;;;;;;429;3-4;0.0;0.25;3-9;0.0;548;17-14;1.0;;;513;20-19;;;41.0;;Shapovalov D.;denis shapovalov
Botic van de Zandschulp;145.0;23.0;59.93;73.89;48.85;79.2;54.76;29.56;49.52;41.18;20.07;105.0;12.0;62.66;76.98;45.52;84.28;62.12;27.25;49.59;36.11;15.85;521;25-23;0.0;136;3-19;846;22-4;375;6-10;;;545;18-15;;;429;3-4;0.0;;;;481;13-14;0.0;0.6;3-2;512;22-21;;;52.0;;Van De Zandschulp B.;botic van de zandschulp
Zizou Bergs;258.0;38.0;58.0;72.79;51.35;77.93;58.08;28.65;51.71;41.84;22.73;105.0;13.0;56.89;72.95;56.17;85.44;68.92;23.83;49.1;29.73;14.19;479;23-25;1.0;0.2;5-20;783;18-5;571;8-6;;;423;11-15;;;0.2;1-4;0.0;526;10-9;0.0;469;15-17;0.0;0.6;3-2;465;20-23;;;48.0;;Bergs Z.;zizou bergs
Terence Atmane;100.0;13.0;;;;;;;;;;105.0;13.0;59.96;74.39;51.46;81.21;64.77;23.01;47.86;45.61;16.25;419;18-25;0.0;0.05;1-19;739;17-6;353;6-11;0.0;0-2;;;;;;;;571;12-9;0.0;462;12-14;0.0;;;0.41;16-23;;;50.0;;Atmane T.;terence atmane
Arthur Fils;112.0;18.0;;;;;;;;;;100.0;18.0;64.24;72.54;59.05;85.64;64.56;25.52;48.65;40.0;20.0;742;23-8;1.0;455;5-6;0.9;18-2;;;;;;;0.5;1-1;;;;706;12-5;0.0;0.7;14-6;0.0;;;724;21-8;;;23.0;;Fils A.;arthur fils
Cameron Norrie;207.0;37.0;65.81;70.89;52.76;81.61;65.5;24.64;52.06;35.68;17.88;97.0;15.0;63.73;71.43;54.56;83.25;68.22;29.29;46.22;39.58;18.81;561;32-25;0.0;233;7-23;926;25-2;652;15-8;1.0;2-0;512;22-21;;;667;8-4;0.0;0.5;9-9;0.0;575;23-17;0.0;0.6;3-2;558;29-23;;;29.0;;Norrie C.;cameron norrie
Martin Damm;;;;;;;;;;;;96.0;8.0;;;;;;;;;;;;;;;;;;;;;;;;;;;;;;;;;;;;;;;;;;Damm M.;martin damm
Gabriel Diallo;245.0;28.0;67.32;73.6;46.19;80.92;61.18;26.16;46.35;36.71;17.01;91.0;11.0;69.17;73.68;45.76;81.62;53.7;23.03;44.62;34.88;10.87;0.4;18-27;0.0;0.16;4-21;0.7;14-6;308;4-9;;;417;10-14;;;333;2-4;0.0;0.5;8-8;0.0;438;14-18;0.0;333;3-6;417;15-21;0.0;0-11;;;Diallo G.;gabriel diallo
Adrian Mannarino;114.0;21.0;;;;;;;;;;90.0;14.0;62.39;72.66;49.37;79.88;58.02;22.71;48.35;44.26;15.88;438;21-27;0.0;0.2;6-24;833;15-3;583;7-5;;;429;9-12;;;556;5-4;0.0;429;6-8;0.0;484;15-16;0.0;0.5;3-3;429;18-24;;;40.0;;Mannarino A.;adrian mannarino
Luciano Darderi;147.0;21.0;;;;;;;;;;89.0;8.0;;;;;;;;;;603;38-25;3.0;0.16;4-21;895;34-4;619;13-8;0.5;1-1;621;18-11;0.75;3-1;667;8-4;0.0;429;6-8;0.0;391;9-14;0.0;667;4-2;596;34-23;;;16.0;2300.0;Darderi L.;luciano darderi
Tomas Martin Etcheverry;228.0;26.0;64.83;73.08;49.87;81.36;62.28;27.63;49.12;39.11;20.65;86.0;10.0;65.3;73.95;60.53;87.32;65.38;27.21;46.75;28.77;14.79;552;32-26;1.0;379;11-18;724;21-8;607;17-11;;;543;19-16;;;429;3-4;0.0;529;9-8;0.0;552;16-13;0.0;0.7;7-3;521;25-23;;;32.0;;Etcheverry T.;tomas martin etcheverry
Alex de Minaur;258.0;57.0;56.23;73.52;57.63;85.58;64.81;31.98;54.11;41.59;27.43;83.0;17.0;61.07;72.25;57.06;86.89;70.33;30.13;51.93;43.7;24.76;679;53-25;2.0;269;7-19;885;46-6;0.55;11-9;;;621;18-11;667;2-1;0.75;12-4;0.0;526;10-9;0.0;704;38-16;2.0;778;7-2;667;46-23;333;4-8;6.0;4110.0;De Minaur A.;alex de minaur
Tomas Machac;190.0;29.0;61.47;73.44;53.54;82.8;63.13;26.73;49.64;45.45;21.61;83.0;13.0;63.87;70.68;52.32;83.63;66.27;27.45;48.85;42.68;19.89;514;19-18;1.0;0.19;4-17;938;15-1;429;6-8;0.0;0-2;;;;;636;7-4;0.0;462;6-7;0.0;0.5;12-12;1.0;0.4;2-3;531;17-15;;;47.0;;Machac T.;tomas machac
Ethan Quinn;120.0;18.0;;;;;;;;;;83.0;11.0;62.45;75.49;49.51;83.46;66.67;26.02;46.15;38.98;18.25;425;17-23;0.0;148;4-23;;;;;;;381;8-13;;;429;3-4;0.0;308;4-9;0.0;391;9-14;0.0;0.4;2-3;429;15-20;;;63.0;;Quinn E.;ethan quinn
Aleksandr Shevchenko;82.0;16.0;;;;;;;;;;82.0;11.0;62.76;70.0;52.76;80.0;61.04;24.53;45.36;32.86;15.23;471;16-18;0.0;261;6-17;;;0.9;9-1;;;;;;;0.2;1-4;0.0;0.4;4-6;0.0;524;11-10;0.0;286;2-5;519;14-13;;;;;Shevchenko A.;alexander shevchenko
Alejandro Davidovich Fokina;183.0;48.0;65.63;69.11;51.88;79.46;64.17;29.2;52.5;44.72;25.44;81.0;16.0;70.7;71.94;54.78;86.15;66.25;25.48;52.54;43.02;18.59;607;37-24;1.0;217;5-18;842;32-6;0.5;8-8;667;2-1;567;17-13;333;1-2;0.6;6-4;0.0;529;9-8;0.0;595;25-17;0.0;583;7-5;612;30-19;;;25.0;;Davidovich Fokina A.;alejandro davidovich fokina
Jaume Munar;150.0;35.0;64.37;71.94;53.05;81.06;57.51;29.95;52.65;42.4;25.12;81.0;10.0;60.57;77.19;54.49;85.11;58.82;28.88;45.25;32.05;17.99;0.5;23-23;0.0;154;4-22;0.95;19-1;538;7-6;1.0;2-0;;;;;0.6;6-4;0.0;455;5-6;0.0;563;18-14;0.0;;;476;20-22;;;44.0;;Munar J.;jaume munar
Nuno Borges;201.0;35.0;66.08;70.99;50.96;81.01;61.54;27.05;48.79;35.17;17.74;79.0;13.0;68.59;73.97;51.02;83.63;62.16;25.37;42.78;40.63;15.12;446;25-31;0.0;212;7-26;783;18-5;353;6-11;0.0;0-2;424;14-19;;;636;7-4;0.0;0.4;6-9;0.0;438;14-18;0.0;714;5-2;408;20-29;;;53.0;;Borges N.;nuno borges
Hamad Medjedovic;181.0;19.0;;;;;;;;;;78.0;7.0;;;;;;;;;;0.5;17-17;0.0;0.2;3-12;737;14-5;;;;;593;16-11;;;333;2-4;0.0;;;;0.45;9-11;0.0;;;0.5;16-16;;;;;Medjedovic H.;hamad medjedovic
James Duckworth;99.0;14.0;;;;;;;;;;77.0;8.0;;;;;;;;;;0.36;9-16;0.0;0.0;0-11;;;;;0.5;1-1;;;;;333;2-4;0.0;;;;;;;;;273;6-16;;;;;Duckworth J.;james duckworth
Zachary Svajda;;;;;;;;;;;;76.0;7.0;;;;;;;;;;;;;0.25;3-9;;;;;;;;;;;571;4-3;0.0;;;;;;;;;;;;;;;Svajda Z.;zachary svajda
Kamil Majchrzak;111.0;14.0;;;;;;;;;;74.0;12.0;65.26;70.51;48.45;78.24;57.47;27.87;51.82;39.51;18.39;548;23-19;1.0;333;5-10;667;18-9;526;10-9;1.0;2-0;607;17-11;;;0.6;6-4;0.0;;;;0.52;13-12;0.0;0.6;3-2;541;20-17;;;46.0;;Majchrzak K.;kamil majchrzak
Grigor Dimitrov;98.0;16.0;;;;;;;;;;74.0;8.0;;;;;;;;;;;;;;;;;;;;;;;;;0.6;3-2;0.0;;;;;;;0.8;4-1;;;;;;;Dimitrov G.;grigor dimitrov
Titouan Droguet;;;;;;;;;;;;74.0;4.0;;;;;;;;;;;;;;;;;;;;;;;;;;;;;;;;;;;;;;;;;;Droguet T.;titouan droguet
Valentin Royer;126.0;18.0;;;;;;;;;;73.0;10.0;63.92;67.94;48.15;75.19;68.32;23.56;48.39;42.5;13.49;333;12-24;0.0;0.12;3-22;;;364;4-7;;;409;9-13;;;429;3-4;0.0;0.2;2-8;0.0;357;10-18;0.0;0.25;2-6;357;10-18;;;;;Royer V.;valentin royer
Emilio Nava;90.0;10.0;;;;;;;;;;72.0;5.0;;;;;;;;;;407;11-16;0.0;143;2-12;;;;;;;;;;;;;;455;5-6;0.0;;;;0.2;1-4;455;10-12;;;;;Nava E.;emilio nava
Marcos Giron;197.0;33.0;59.84;71.77;52.07;80.0;62.01;27.91;50.76;35.98;19.55;72.0;15.0;64.51;70.88;51.05;81.97;68.27;28.37;54.17;41.28;24.19;372;16-27;0.0;95;2-19;636;14-8;176;3-14;333;1-2;0.36;9-16;;;333;2-4;0.0;;;;424;14-19;0.0;125;1-7;429;15-20;;;;;Giron M.;marcos giron
Christopher O'Connell;163.0;22.0;60.43;70.06;50.54;80.08;62.6;28.09;43.93;36.97;17.89;71.0;7.0;;;;;;;;;;0.4;8-12;0.0;0.1;1-9;;;;;;;;;;;;;;;;;;;;0.2;1-4;;;;;;;Oconnell C.;christopher oconnell
Coleman Wong;133.0;10.0;;;;;;;;;;69.0;7.0;;;;;;;;;;;;;;;;;;;;;;;;;;;;;;;;;;;;;;;;;;Wong C.;coleman wong
Adam Walton;180.0;27.0;61.84;72.0;51.95;80.12;56.69;25.09;50.17;40.0;19.54;67.0;10.0;68.5;65.71;53.57;80.19;64.41;26.67;42.44;39.13;16.51;0.4;14-21;0.0;174;4-19;;;0.6;6-4;0.5;1-1;333;8-16;;;333;2-4;0.0;0.5;6-6;0.0;407;11-16;0.0;286;2-5;429;12-16;;;;;Walton A.;adam walton
Eliot Spizzirri;;;;;;;;;;;;66.0;8.0;;;;;;;;;;;;;;;;;;;;;;;;;0.5;3-3;0.0;;;;;;;;;;;;;;;Spizzirri E.;eliot spizzirri
Fabian Marozsan;192.0;31.0;64.34;72.59;53.41;84.67;66.67;25.78;50.59;34.12;18.41;65.0;13.0;66.32;69.51;50.64;78.8;55.17;29.3;48.42;39.13;19.78;481;25-27;0.0;125;3-21;786;22-6;368;7-12;;;567;17-13;;;429;3-4;0.0;0.4;6-9;0.0;484;15-16;0.0;0.6;3-2;468;22-25;;;62.0;;Marozsan F.;fabian marozsan
Alejandro Tabilo;159.0;20.0;;;;;;;;;;64.0;9.0;;;;;;;;;;543;25-21;1.0;0.3;6-14;731;19-7;563;9-7;;;333;7-14;0.5;1-1;0.4;2-3;0.0;0.5;7-7;0.0;0.5;11-11;1.0;;;523;23-21;;;33.0;;Tabilo A.;alejandro tabilo
Rinky Hijikata;;;;;;;;;;;;64.0;12.0;61.03;72.11;52.47;80.27;59.15;25.81;48.76;39.44;19.72;448;13-16;0.0;222;4-14;;;;;;;;;;;333;2-4;0.0;;;;;;;333;2-4;478;11-12;;;;;Hijikata R.;rinky hijikata
Novak Djokovic;271.0;32.0;66.37;76.82;56.78;89.59;66.41;30.67;51.39;44.59;24.94;63.0;9.0;;;;;;;;;;794;27-7;1.0;0.75;9-3;818;18-4;0.7;7-3;0.5;1-1;;;0.5;1-1;0.81;17-4;0.0;;;;833;20-4;1.0;;;0.8;24-6;;;8.0;3760.0;Djokovic N.;novak djokovic
Marton Fucsovics;;;;;;;;;;;;62.0;13.0;62.02;71.7;50.42;78.77;58.67;29.16;50.59;36.9;21.53;447;17-21;1.0;0.1;2-18;833;15-3;0.6;6-4;1.0;2-0;;;;;429;3-4;0.0;;;;0.5;13-13;1.0;333;2-4;469;15-17;;;;;Fucsovics M.;marton fucsovics
Jack Draper;167.0;17.0;;;;;;;;;;60.0;7.0;;;;;;;;;;;;;;;;;;;;;;;;;;;;;;;;;;;;;;;;;;Draper J.;jack draper
Lorenzo Musetti;238.0;43.0;64.31;73.01;55.49;84.12;61.84;28.45;52.72;37.39;22.87;58.0;10.0;65.09;70.22;55.52;82.88;66.22;32.39;55.52;37.96;27.7;611;33-21;0.0;0.3;6-14;794;27-7;0.5;8-8;;;;;0.0;0-3;727;8-3;0.0;467;7-8;0.0;628;27-16;0.0;0.5;3-3;625;30-18;;;15.0;2325.0;Musetti L.;lorenzo musetti
Francisco Comesana;162.0;17.0;;;;;;;;;;58.0;7.0;;;;;;;;;;0.4;16-24;0.0;125;3-21;813;13-3;364;4-7;0.5;1-1;0.5;10-10;;;0.5;4-4;0.0;357;5-9;0.0;409;9-13;0.0;0.0;0-6;471;16-18;;;;;Comesana F.;francisco comesana
Jan-Lennard Struff;211.0;19.0;;;;;;;;;;56.0;7.0;;;;;;;;;;486;17-18;0.0;0.19;4-17;;;462;6-7;0.5;1-1;;;;;0.6;6-4;0.0;;;;;;;;;516;16-15;;;;;Struff J.L.;jan lennard struff
Raphael Collignon;85.0;10.0;;;;;;;;;;55.0;8.0;;;;;;;;;;545;18-15;0.0;133;2-13;889;16-2;545;6-5;0.5;1-1;429;9-12;;;0.5;4-4;0.0;;;;;;;833;5-1;481;13-14;;;;;Collignon R.;raphael collignon
Gael Monfils;221.0;23.0;60.15;78.08;51.31;85.11;59.84;27.53;46.82;36.42;17.08;55.0;6.0;;;;;;;;;;;;;;;;;;;0.25;1-3;;;;;0.2;1-4;0.0;;;;;;;;;;;;;;;Monfils G.;gael monfils
Joao Fonseca;144.0;21.0;;;;;;;;;;52.0;7.0;;;;;;;;;;614;27-17;1.0;318;7-15;909;20-2;563;9-7;1.0;2-0;545;12-10;;;636;7-4;0.0;556;10-8;0.0;652;15-8;1.0;571;4-3;622;23-14;;;27.0;;Fonseca J.;joao fonseca
Thiago Agustin Tirante;;;;;;;;;;;;52.0;4.0;;;;;;;;;;581;18-13;0.0;294;5-12;;;;;;;;;;;0.6;3-2;0.0;0.6;6-4;0.0;;;;0.4;2-3;615;16-10;;;;;Tirante T.;thiago agustin tirante
Matteo Berrettini;319.0;28.0;68.33;76.69;55.75;88.51;68.99;26.58;44.79;40.6;15.43;51.0;5.0;;;;;;;;;;514;18-17;0.0;167;3-15;882;15-2;;;0.5;1-1;;;;;667;4-2;0.0;455;5-6;0.0;;;;571;4-3;0.5;14-14;;;49.0;;Berrettini M.;matteo berrettini
Mattia Bellucci;98.0;17.0;;;;;;;;;;48.0;8.0;;;;;;;;;;394;13-20;0.0;105;2-17;;;;;;;;;;;429;3-4;0.0;0.3;3-7;0.0;;;;;;414;12-17;;;;;Bellucci M.;mattia bellucci
Zhizhen Zhang;131.0;16.0;;;;;;;;;;47.0;7.0;;;;;;;;;;333;7-14;0.0;143;2-12;;;;;;;;;;;;;;;;;;;;0.0;0-5;;;;;;;Zhang Zh.;zhizhen zhang
Sho Shimabukuro;;;;;;;;;;;;46.0;5.0;;;;;;;;;;;;;;;;;;;;;;;;;;;;;;;;;;;;;;;;;;Shimabukuro S.;sho shimabukuro
Francesco Maestrelli;;;;;;;;;;;;45.0;3.0;;;;;;;;;;;;;;;;;;;;;;;;;;;;;;;;;;;;;;;;;;Maestrelli F.;francesco maestrelli
Rafael Jodar;;;;;;;;;;;;43.0;11.0;63.08;66.93;54.79;75.59;53.73;27.54;49.64;40.3;21.43;703;26-11;1.0;182;2-9;923;24-2;727;8-3;1.0;3-0;;;;;714;5-2;0.0;692;9-4;0.0;;;;571;4-3;733;22-8;;;26.0;;Jodar R.;rafael jodar
Yibing Wu;;;;;;;;;;;;42.0;8.0;;;;;;;;;;0.5;11-11;0.0;0.25;3-9;;;;;;;;;;;;;;;;;;;;;;0.5;10-10;;;;;Wu Y.;yibing wu
Francisco Cerundolo;110.0;27.0;60.58;67.85;51.3;76.01;62.62;31.99;52.79;44.79;26.46;41.0;11.0;61.75;70.71;54.22;76.98;56.76;30.58;54.85;52.0;28.47;633;38-22;2.0;211;4-15;829;34-7;556;10-8;333;1-2;545;12-10;1.0;2-0;0.6;6-4;0.0;619;13-8;0.0;593;16-11;0.0;667;4-2;0.63;34-20;;;21.0;;Cerundolo F.;francisco cerundolo
Arthur Gea;;;;;;;;;;;;40.0;5.0;;;;;;;;;;;;;;;;;;;;;;;;;;;;;;;;;;;;;;;;;;Gea A.;arthur gea
Roberto Bautista Agut;;;;;;;;;;;;38.0;9.0;;;;;;;;;;292;7-17;0.0;63;1-15;;;;;;;;;;;;;;455;5-6;0.0;;;;143;1-6;;;;;;;Bautista Agut R.;roberto bautista agut
Tristan Schoolkate;142.0;14.0;;;;;;;;;;36.0;4.0;;;;;;;;;;;;;0.1;1-9;;;;;;;;;;;;;;;;;;;;;;;;;;;;Schoolkate T.;tristan schoolkate
Corentin Moutet;124.0;33.0;62.26;67.03;53.02;77.72;64.98;32.55;50.73;41.2;25.62;35.0;8.0;;;;;;;;;;481;25-27;0.0;214;6-22;792;19-5;0.4;6-9;;;;;;;429;3-4;0.0;357;5-9;0.0;529;18-16;0.0;;;0.5;25-25;;;36.0;;Moutet C.;corentin moutet
Patrick Kypson;;;;;;;;;;;;35.0;5.0;;;;;;;;;;;;;;;;;;;;;;;;;;;;;;;;;;;;;;;;;;Kypson P.;patrick kypson
Sebastian Baez;;;;;;;;;;;;34.0;14.0;76.25;64.72;55.47;80.49;70.09;31.07;54.96;47.06;28.4;457;21-25;0.0;0.16;4-21;0.81;17-4;;;;;;;;;0.2;1-4;0.0;429;6-8;0.0;0.52;13-12;0.0;;;452;19-23;;;56.0;;Baez S.;sebastian baez
Vit Kopriva;;;;;;;;;;;;33.0;4.0;;;;;;;;;;0.5;21-21;0.0;0.25;5-15;727;16-6;0.5;8-8;0.5;2-2;;;;;333;2-4;0.0;0.5;5-5;0.0;;;;;;487;19-20;;;;;Kopriva V.;vit kopriva
Rei Sakamoto;;;;;;;;;;;;32.0;4.0;;;;;;;;;;;;;;;;;;;;;;;;;;;;;;;;;;;;;;;;;;Sakamoto R.;rei sakamoto
Martin Landaluce;;;;;;;;;;;;31.0;5.0;;;;;;;;;;458;11-13;0.0;333;4-8;;;545;6-5;667;2-1;333;7-14;;;;;;667;8-4;0.0;;;;;;0.5;10-10;;;;;Landaluce M.;martin landaluce
Yannick Hanfmann;112.0;12.0;;;;;;;;;;30.0;3.0;;;;;;;;;;0.6;24-16;0.0;286;6-15;947;18-1;667;10-5;;;0.5;12-12;;;;;;;;;;;;;;632;24-14;;;;;Hanfmann Y.;yannick hanfmann
Juncheng Shang;74.0;14.0;;;;;;;;;;30.0;7.0;;;;;;;;;;;;;;;;;;;;;;;;;;;;;;;;;;;;;;;;;;Shang J.;juncheng shang
Alexandre Muller;120.0;28.0;66.03;68.56;49.06;75.07;60.18;25.2;48.09;36.88;16.34;29.0;6.0;;;;;;;;;;333;11-22;0.0;208;5-19;;;;;;;;;;;0.2;1-4;0.0;0.2;2-8;0.0;0.36;9-16;0.0;;;345;10-19;;;;;Muller A.;alexandre muller
Jack Pinnington Jones;;;;;;;;;;;;28.0;3.0;;;;;;;;;;;;;;;;;;;;;;;;;;;;;;;;;;;;;;;;;;Jones J.;jack pinnington jones
Lorenzo Sonego;267.0;39.0;65.31;73.96;51.06;84.54;69.78;25.4;46.86;38.7;17.18;27.0;4.0;;;;;;;;;;463;19-22;0.0;263;5-14;636;14-8;529;9-8;667;2-1;522;12-11;;;556;5-4;0.0;0.4;4-6;0.0;481;13-14;0.0;167;1-5;514;18-17;;;;;Sonego L.;lorenzo sonego
Nishesh Basavareddy;82.0;20.0;;;;;;;;;;27.0;2.0;;;;;;;;;;0.45;9-11;0.0;0.2;2-8;;;;;;;;;;;333;2-4;0.0;;;;;;;;;;;;;;;Basavareddy N.;nishesh basavareddy
Jenson Brooksby;76.0;21.0;;;;;;;;;;27.0;11.0;65.83;66.4;50.0;75.0;52.46;26.22;48.88;29.63;14.04;395;15-23;0.0;0.0;0-20;833;15-3;;;0.5;1-1;;;;;333;2-4;0.0;364;4-7;0.0;462;12-14;0.0;0.4;2-3;394;13-20;;;;;Brooksby J.;jenson brooksby
Aleksandar Vukic;315.0;32.0;58.92;72.69;50.4;80.0;64.17;25.49;45.08;38.67;16.24;26.0;6.0;;;;;;;;;;371;13-22;0.0;48;1-20;;;615;8-5;;;;;;;0.2;1-4;0.0;0.4;4-6;0.0;393;11-17;0.0;;;313;10-22;;;;;Vukic A.;aleksandar vukic
Luca Nardi;;;;;;;;;;;;26.0;5.0;;;;;;;;;;;;;;;;;;;;;;;;;;;;;;;;;;;;;;;;;;Nardi L.;luca nardi
Camilo Ugo Carabelli;;;;;;;;;;;;25.0;7.0;;;;;;;;;;435;20-26;0.0;179;5-23;833;15-3;583;7-5;;;435;10-13;;;0.2;1-4;0.0;429;6-8;0.0;;;;0.4;2-3;439;18-23;;;;;Ugo Carabelli C.;camilo ugo carabelli
Jacob Fearnley;105.0;16.0;;;;;;;;;;25.0;5.0;;;;;;;;;;;;;63;1-15;;;;;;;;;;;0.2;1-4;0.0;;;;;;;;;;;;;;;Fearnley J.;jacob fearnley
Mariano Navone;;;;;;;;;;;;24.0;6.0;;;;;;;;;;488;21-22;1.0;0.25;5-15;696;16-7;294;5-12;0.0;0-2;;;0.5;1-1;333;2-4;0.0;0.4;4-6;0.0;;;;667;4-2;459;17-20;;;38.0;;Navone M.;mariano navone
Pablo Carreno Busta;;;;;;;;;;;;24.0;7.0;;;;;;;;;;455;10-12;0.0;231;3-10;;;;;0.0;0-2;;;;;571;4-3;0.0;;;;;;;;;;;;;;;Carreno Busta P.;pablo carreno busta
Michael Mmoh;;;;;;;;;;;;24.0;3.0;;;;;;;;;;;;;;;;;;;;;;;;;;;;;;;;;;;;;;;;;;Mmoh M.;michael mmoh
Moise Kouame;;;;;;;;;;;;24.0;3.0;;;;;;;;;;;;;;;;;;;;;;;;;;;;;;;;;;;;;;;;;;Kouame M.;moise kouame
Jesper de Jong;80.0;9.0;;;;;;;;;;23.0;4.0;;;;;;;;;;467;14-16;0.0;235;4-13;;;0.6;6-4;667;2-1;;;;;0.5;4-4;0.0;;;;;;;;;448;13-16;;;;;De Jong J.;jesper de jong
Andrea Vavassori;;;;;;;;;;;;22.0;3.0;;;;;;;;;;;;;;;;;;;;;;;;;;;;;;;;;;;;;;;;;;Vavassori A.;andrea vavassori
Jordan Thompson;130.0;16.0;;;;;;;;;;22.0;2.0;;;;;;;;;;;;;;;;;;;1.0;2-0;;;;;625;5-3;0.0;;;;;;;333;2-4;;;;;;;Thompson J.;jordan thompson
Arthur Cazaux;166.0;19.0;;;;;;;;;;21.0;2.0;;;;;;;;;;0.56;14-11;0.0;0.2;2-8;0.8;12-3;667;8-4;;;;;;;;;;;;;;;;0.4;2-3;0.6;12-8;;;;;Cazaux A.;arthur cazaux
Moez Echargui;;;;;;;;;;;;20.0;2.0;;;;;;;;;;;;;;;;;;;;;;;;;;;;;;;;;;;;;;;;;;Echargui M.;moez echargui
Kyrian Jacquet;;;;;;;;;;;;19.0;1.0;;;;;;;;;;;;;;;;;;;;;;;;;;;;;;;;;;;;;;;;;;Jacquet K.;kyrian jacquet
Juan Manuel Cerundolo;;;;;;;;;;;;17.0;2.0;;;;;;;;;;0.5;14-14;0.0;167;2-10;0.75;12-4;0.6;9-6;1.0;2-0;;;;;0.6;3-2;0.0;;;;;;;;;0.5;14-14;;;;;Cerundolo J.M.;juan manuel cerundolo
Dino Prizmic;;;;;;;;;;;;16.0;3.0;;;;;;;;;;517;15-14;0.0;0.3;3-7;632;12-7;429;6-8;0.0;0-2;;;;;;;;;;;;;;;;0.48;12-13;;;;;Prizmic D.;dino prizmic
Damir Dzumhur;;;;;;;;;;;;16.0;8.0;;;;;;;;;;349;15-28;0.0;167;5-25;;;462;6-7;;;;;;;0.2;1-4;0.0;308;4-9;0.0;238;5-16;0.0;667;4-2;297;11-26;;;;;Dzumhur D.;damir dzumhur
Arthur Fery;;;;;;;;;;;;15.0;3.0;;;;;;;;;;;;;;;;;;;;;;;;;;;;;;;;;;;;;;;;;;Fery A.;arthur fery
Jaime Faria;;;;;;;;;;;;15.0;2.0;;;;;;;;;;;;;;;;;;;;;;;;;429;3-4;0.0;;;;;;;;;;;;;;;Faria J.;jaime faria
Thanasi Kokkinakis;;;;;;;;;;;;15.0;1.0;;;;;;;;;;;;;;;;;;;;;;;;;;;;;;;;;;;;;;;;;;Kokkinakis T.;thanasi kokkinakis
Ugo Blanchet;;;;;;;;;;;;15.0;2.0;;;;;;;;;;;;;;;;;;;;;;;;;;;;;;;;;;;;;;;;;;Blanchet U.;ugo blanchet
Benjamin Bonzi;150.0;26.0;61.74;71.1;51.24;79.01;61.22;24.44;51.22;35.59;17.6;14.0;3.0;;;;;;;;;;0.5;13-13;0.0;357;5-9;;;571;8-6;0.5;2-2;;;;;429;3-4;0.0;545;6-5;0.0;;;;;;478;11-12;;;;;Bonzi B.;benjamin bonzi
Dalibor Svrcina;;;;;;;;;;;;14.0;5.0;;;;;;;;;;;;;;;;;;;;;;;;;;;;;;;;;;;;;;;;;;Svrcina D.;dalibor svrcina
Shintaro Mochizuki;;;;;;;;;;;;14.0;4.0;;;;;;;;;;;;;0.1;1-9;;;;;0.5;1-1;;;;;0.4;2-3;0.0;;;;;;;;;;;;;;;Mochizuki S.;shintaro mochizuki
Mackenzie McDonald;121.0;18.0;;;;;;;;;;13.0;4.0;;;;;;;;;;0.3;6-14;0.0;0.0;0-11;;;;;;;;;;;;;;;;;;;;;;;;;;;;McDonald M.;mackenzie mcdonald
Laslo Djere;;;;;;;;;;;;13.0;2.0;;;;;;;;;;;;;;;;;;;;;;;;;;;;;;;;;;;;;;;;;;Djere L.;laslo djere
Nikoloz Basilashvili;74.0;11.0;;;;;;;;;;12.0;2.0;;;;;;;;;;0.4;8-12;0.0;;;;;;;;;;;;;;;;;;;;;;;;;;;;;;Basilashvili N.;nikoloz basilashvili
Cristian Garin;;;;;;;;;;;;12.0;1.0;;;;;;;;;;;;;;;;;;;;;;;;;;;;;;;;;;;;;;;;;;Garin C.;cristian garin
Darwin Blanch;;;;;;;;;;;;12.0;2.0;;;;;;;;;;;;;;;;;;;;;;;;;;;;;;;;;;;;;;;;;;Blanch Dar.;darwin blanch
Liam Draxl;;;;;;;;;;;;11.0;2.0;;;;;;;;;;;;;;;;;;;;;;;;;;;;;;;;;;;;;;;;;;Draxl L.;liam draxl
Michael Zheng;;;;;;;;;;;;11.0;4.0;;;;;;;;;;;;;;;;;;;;;;;;;;;;;;;;;;;;;;;;;;Zheng M.;michael zheng
Otto Virtanen;;;;;;;;;;;;10.0;1.0;;;;;;;;;;;;;;;;;;;;;;;;;;;;;;;;;;;;;;;;;;Virtanen O.;otto virtanen
Jason Kubler;;;;;;;;;;;;9.0;1.0;;;;;;;;;;;;;;;;;;;;;;;;;;;;;;;;;;;;;;;;;;Kubler J.;jason kubler
Alexander Blockx;86.0;11.0;;;;;;;;;;8.0;1.0;;;;;;;;;;667;18-9;0.0;0.5;6-6;0.8;12-3;0.8;8-2;;;;;;;;;;667;10-5;0.0;;;;;;708;17-7;;;37.0;;Blockx A.;alexander blockx
Billy Harris;;;;;;;;;;;;8.0;2.0;;;;;;;;;;;;;;;;;;;;;;;;;;;;;;;;;;;;;;;;;;Harris B.;billy harris
Elias Ymer;;;;;;;;;;;;8.0;2.0;;;;;;;;;;;;;;;;;;;;;;;;;;;;;;;;;;;;;;;;;;Ymer E.;elias ymer
Luka Pavlovic;;;;;;;;;;;;8.0;1.0;;;;;;;;;;;;;;;;;;;;;;;;;;;;;;;;;;;;;;;;;;Pavlovic L.;luka pavlovic
Ignacio Buse;;;;;;;;;;;;7.0;1.0;;;;;;;;;;576;19-14;1.0;375;6-10;765;13-4;667;12-6;;;;;;;;;;;;;;;;429;3-4;615;16-10;;;34.0;;Buse I.;ignacio buse
Jan Choinski;;;;;;;;;;;;7.0;2.0;;;;;;;;;;;;;;;;;;;;;;;;;;;;;;;;;;;;;;;;;;Choinski J.;jan choinski
Nicolai Budkov Kjaer;;;;;;;;;;;;7.0;2.0;;;;;;;;;;;;;;;;;;;;;;;;;;;;;;;;;;;;;;;;;;Kjaer N.;nicolai budkov kjaer
Roberto Carballes Baena;;;;;;;;;;;;7.0;1.0;;;;;;;;;;;;;;;;;;;;;;;;;;;;;;;;;;;;;;;;;;Baena R.;roberto carballes baena
Filip Misolic;;;;;;;;;;;;6.0;1.0;;;;;;;;;;;;;;;;;;;;;;;;;;;;;;;;;;;;;;;;;;Misolic F.;filip misolic
Trevor Svajda;;;;;;;;;;;;6.0;1.0;;;;;;;;;;;;;;;;;;;;;;;;;;;;;;;;;;;;;;;;;;Svajda T.;trevor svajda
Benjamin Hassan;;;;;;;;;;;;5.0;1.0;;;;;;;;;;;;;;;;;;;;;;;;;;;;;;;;;;;;;;;;;;Hassan B.;benjamin hassan
Nick Kyrgios;;;;;;;;;;;;5.0;1.0;;;;;;;;;;;;;;;;;;;;;;;;;;;;;;;;;;;;;;;;;;Kyrgios N.;nick kyrgios
Rodrigo Pacheco Mendez;;;;;;;;;;;;5.0;1.0;;;;;;;;;;;;;;;;;;;;;;;;;;;;;;;;;;;;;;;;;;Mendez R.;rodrigo pacheco mendez
Dane Sweeny;;;;;;;;;;;;4.0;3.0;;;;;;;;;;;;;;;;;;;;;;;;;;;;;;;;;;;;;;;;;;Sweeny D.;dane sweeny
Daniel Merida;;;;;;;;;;;;4.0;1.0;;;;;;;;;;;;;;;;;;;;;;;;;;;;;;;;;;;;;;;;;;Merida D.;daniel merida
Hugo Gaston;;;;;;;;;;;;4.0;2.0;;;;;;;;;;;;;0.1;1-9;;;;;;;;;;;0.2;1-4;0.0;;;;;;;;;;;;;;;Gaston H.;hugo gaston
James Watt;;;;;;;;;;;;4.0;1.0;;;;;;;;;;;;;;;;;;;;;;;;;;;;;;;;;;;;;;;;;;Watt J.;james watt
Pierre-Hugues Herbert;;;;;;;;;;;;4.0;1.0;;;;;;;;;;;;;;;;;;;;;;;;;;;;;;;;;;;;;;;;;;Herbert P.;pierre hugues herbert
Tomas Barrios Vera;;;;;;;;;;;;4.0;1.0;;;;;;;;;;;;;;;;;;;;;;;;;;;;;;;;;;;;;;;;;;Vera T.;tomas barrios vera
Pedro Martinez;;;;;;;;;;;;3.0;2.0;;;;;;;;;;304;7-16;0.0;125;2-14;;;;;;;;;;;0.4;2-3;0.0;;;;;;;;;286;6-15;;;;;Martinez P.;pedro martinez
Guy Den Ouden;;;;;;;;;;;;2.0;2.0;;;;;;;;;;;;;;;;;;;;;;;;;;;;;;;;;;;;;;;;;;Ouden G.;guy den ouden
Mees Rottgering;;;;;;;;;;;;2.0;1.0;;;;;;;;;;;;;;;;;;;;;;;;;;;;;;;;;;;;;;;;;;Rottgering M.;mees rottgering
Yunchaokete Bu;204.0;30.0;56.6;74.18;49.9;81.45;66.67;23.93;50.99;35.03;17.92;1.0;1.0;;;;;;;;;;0.4;8-12;0.0;0.1;1-9;;;;;;;;;;;;;;;;;;;;;;;;;;;;Bu Y.;yunchaokete bu
Alexis Galarneau;;;;;;;;;;;;1.0;1.0;;;;;;;;;;;;;;;;;;;;;;;;;;;;;;;;;;;;;;;;;;Galarneau A.;alexis galarneau
Carlos Taberner;;;;;;;;;;;;1.0;1.0;;;;;;;;;;;;;;;;;;;;;;;;;;;;;;;;;;;;;;;;;;Taberner C.;carlos taberner
Hady Habib;;;;;;;;;;;;1.0;1.0;;;;;;;;;;;;;;;;;;;;;;;;;;;;;;;;;;;;;;;;;;Habib H.;hady habib
Hugo Grenier;;;;;;;;;;;;1.0;1.0;;;;;;;;;;;;;;;;;;;;;;;;;;;;;;;;;;;;;;;;;;Grenier H.;hugo grenier
Thijs Boogaard;;;;;;;;;;;;1.0;1.0;;;;;;;;;;;;;;;;;;;;;;;;;;;;;;;;;;;;;;;;;;Boogaard T.;thijs boogaard
Abdulaziz Usmonjonov;;;;;;;;;;;;0.0;0.0;;;;;;;;;;;;;;;;;;;;;;;;;;;;;;;;;;;;;;;;;;Usmonjonov A.;abdulaziz usmonjonov
Alaa Trifi;;;;;;;;;;;;0.0;0.0;;;;;;;;;;;;;;;;;;;;;;;;;;;;;;;;;;;;;;;;;;Trifi A.;alaa trifi
Amit Vales;;;;;;;;;;;;0.0;0.0;;;;;;;;;;;;;;;;;;;;;;;;;;;;;;;;;;;;;;;;;;Vales A.;amit vales
Chun-Hsin Tseng;;;;;;;;;;;;0.0;1.0;;;;;;;;;;;;;;;;;;;;;;;;;;;;;;;;;;;;;;;;;;Tseng C.H.;chun hsin tseng
Duarte Vale;;;;;;;;;;;;0.0;0.0;;;;;;;;;;;;;;;;;;;;;;;;;;;;;;;;;;;;;;;;;;Vale D.;duarte vale
Eero Vasa;;;;;;;;;;;;0.0;0.0;;;;;;;;;;;;;;;;;;;;;;;;;;;;;;;;;;;;;;;;;;Vasa E.;eero vasa
Juan Pablo Varillas;;;;;;;;;;;;0.0;0.0;;;;;;;;;;;;;;;;;;;;;;;;;;;;;;;;;;;;;;;;;;Varillas J.;juan pablo varillas
Marco Trungelliti;;;;;;;;;;;;0.0;0.0;;;;;;;;;;;;;;;;;;;;;;;;;;;;;;;;;;;;;;;;;;Trungelliti M.;marco trungelliti
Olle Wallin;;;;;;;;;;;;0.0;0.0;;;;;;;;;;;;;;;;;;;;;;;;;;;;;;;;;;;;;;;;;;Wallin O.;olle wallin
Tung-Lin Wu;;;;;;;;;;;;0.0;0.0;;;;;;;;;;;;;;;;;;;;;;;;;;;;;;;;;;;;;;;;;;Wu T.;tung lin wu
Yosuke Watanuki;73.0;7.0;;;;;;;;;;0.0;0.0;;;;;;;;;;;;;;;;;;;;;;;;;;;;;;;;;;;;;;;;;;Watanuki Y.;yosuke watanuki
Carlos Alcaraz;260.0;45.0;64.05;75.56;56.91;88.61;62.96;34.73;54.66;43.62;32.51;;;68.86;74.86;57.68;90.48;68.0;33.86;54.1;40.45;28.46;879;51-7;5.0;545;6-5;957;45-2;818;9-2;1.0;2-0;524;11-10;625;5-3;952;20-1;2.0;789;15-4;1.0;889;40-5;5.0;0.8;4-1;887;47-6;765;13-4;2.0;9460.0;Alcaraz C.;carlos alcaraz
Holger Rune;212.0;36.0;62.33;73.06;53.33;82.18;57.45;30.09;49.72;40.65;22.32;;;;;;;;;;;;609;14-9;0.0;;;765;13-4;;;0.0;0-2;;;;;;;;727;8-3;0.0;0.65;13-7;0.0;;;0.65;13-7;;;79.0;;Rune H.;holger rune
Matteo Arnaldi;209.0;29.0;56.7;73.05;52.41;81.22;64.5;27.85;47.13;32.31;16.8;;;;;;;;;;;;414;12-17;0.0;188;3-13;;;462;6-7;667;2-1;;;;;625;5-3;0.0;364;4-7;0.0;;;;;;444;12-15;;;;;Arnaldi M.;matteo arnaldi
Daniel Altmaier;281.0;33.0;61.09;73.6;48.29;80.76;60.87;23.03;48.24;33.5;16.16;;;;;;;;;;;;388;19-30;0.0;167;5-25;737;14-5;0.5;7-7;667;2-1;417;10-14;;;333;2-4;0.0;308;4-9;0.0;346;9-17;0.0;429;3-4;381;16-26;;;59.0;;Altmaier D.;daniel altmaier
David Goffin;144.0;26.0;54.24;70.17;47.7;69.47;50.57;28.15;49.94;35.39;21.65;;;;;;;;;;;;;;;167;2-10;;;;;;;;;;;;;;;;;;;;;;;;;;;;Goffin D.;david goffin
Elmer Moller;;;;;;;;;;;;;;;;;;;;;;;;;;0.1;1-9;;;;;;;;;;;;;;;;;;;;;;;;;;;;Moller E.;elmer moller
Leandro Riedi;;;;;;;;;;;;;;;;;;;;;;;;;;;;;;;;;;;;;;0.6;3-2;0.0;;;;;;;;;;;;;;;Riedi L.;leandro riedi
Nicolas Jarry;78.0;7.0;;;;;;;;;;;;;;;;;;;;;;;;;;;;;;0.5;1-1;;;;;0.6;3-2;0.0;;;;;;;;;;;;;;;Jarry N.;nicolas jarry
Roman Andres Burruchaga;;;;;;;;;;;;;;;;;;;;;;;;;;0.2;2-8;;;;;;;;;;;;;;;;;;;;;;;;;;;;Burruchaga R.;roman andres burruchaga
Roman Safiullin;118.0;17.0;;;;;;;;;;;;;;;;;;;;;;;;;;;;;;333;1-2;;;;;;;;;;;;;;;;;;;;;;Safiullin R.;roman safiullin
Sebastian Ofner;;;;;;;;;;;;;;;;;;;;;;;;;;83;1-11;;;;;;;;;;;0.4;2-3;0.0;;;;;;;;;;;;;;;Ofner S.;sebastian ofner
Yoshihito Nishioka;;;;;;;;;;;;;;;;;;;;;;;;;;0.1;1-9;;;;;;;;;;;;;;;;;;;;;;;;;;;;Nishioka Y.;yoshihito nishioka